"id_port"|"deleted_by"|"deleted_date"|"is_deleted"|"created_by"|"created_date"|"changed_by"|"changed_date"|"active_status"|"address"|"avg_berth_time"|"city_regency"|"code"|"cruise_line_length"|"cruise_line_width"|"flag_data_source"|"flag_pioneer"|"flag_ppss"|"fresh_water"|"freshwater_delivery_method"|"fuel"|"height_at_high_tide"|"height_at_low_tide"|"latitude"|"longitude"|"max_berth_time"|"min_berth_time"|"number_of_berth"|"phone"|"pic_local"|"pilot_ship"|"port_code"|"port_name"|"province"|"pumping_rate"|"timezone_offset"|"tugboat"|"utc"|"wharf_depth"|"wharf_length"
"3349ad05-b76a-47d2-ae53-83e0b2b457ab"|||false|Admin|2023-08-01 12:00:20.654||2023-08-02 01:00:03.111|true|Request Tambahan dari mas Agung||LUWU TIMUR|"891"|||PELNI|N|Y|NOT_KNOWN|||||None|None||||"00"||NOT_KNOWN|AGU|Awerange/Barru|SULAWESI SELATAN||8|NOT_KNOWN|||
"13c7b8da-0c67-4944-9c46-5168574c909f"|||false|Admin|2023-08-01 12:00:20.736||2023-08-02 01:00:03.155|true|||MANGGARAI|"672"|||PELNI|N|Y|NOT_KNOWN||||||||||||NOT_KNOWN|REO|Reo|NUSA TENGGARA TIMUR||8|NOT_KNOWN|||
ca64bb78-97b1-476d-840e-8bbe475ff906|||false|Admin|2023-08-01 12:00:20.686||2023-08-02 01:00:03.123|true|Jalan Adi Sucipto, Alak, Kupang, Kota Kupang, Nusa Tenggara Timur||KUPANG|"681"|||PELNI|Y|Y|NOT_KNOWN|-||||None|None||||"081319614123"|AKHMAD SYAFRAN|NOT_KNOWN|TQP|Kupang|NUSA TENGGARA TIMUR||8|NOT_KNOWN||-|-
b2811ee3-48f4-41a3-b82a-bcd88ef3233c|||false|Admin|2023-08-01 12:00:20.671||2023-08-02 01:00:03.114|true|Jl. D.I. Panjaitan No. 19, Ambon 97124||AMBON|"946"|24140.00|1000.00|PELNI|Y|Y|AVAILABLE|Selang Dermaga||3.00|5.00|-3.6942|"128.177"||||"081344242587"|OSKAR|NOT_KNOWN|AMQ|Ambon|MALUKU|100.00|9|AVAILABLE||"6 - 10 meter"|Dermaga Yos Sudarso = 576 meter; Dermaga Slamet Riyadi = 300 meter
"671a506b-187c-4273-808f-84ca5a2bc8c5"|||false|Admin|2023-08-01 12:00:20.674||2023-08-02 01:00:03.116|true|""||BANGGAI|"868"|0.50|100.00|PELNI|Y|Y|AVAILABLE|Pipa Dermaga||2.00|4.00|-0.94963|"122.793"||||"081232349076"|DUTA KUSUMA PUTRA|NOT_AVAILABLE|LUW|Luwuk|SULAWESI TENGAH|10.00|8|NOT_AVAILABLE||"8 - 10 meter"|"100 meter"
"6ab1ca09-de32-4015-a5aa-07a51eb8c246"|||false|Admin|2023-08-01 12:00:20.677||2023-08-02 01:00:03.118|true|Jl. R.E. Martadinata,sungai Harapan, Kecamatan  Sekupang,Kabupaten/Kotamadya||BATAM|"256"|0.00|0.00|PELNI|Y|Y|AVAILABLE|"0"|||0.00|"1.08207"|"103.936"||||"081390841444"|AGUS SUPRIJATNO S.|AVAILABLE|BUR|Batam/Batu Ampar|KEPULAUAN RIAU|0.00|7|NOT_KNOWN||"0"|"0"
"9d79dfde-0237-4b7a-9a6d-61b918d04527"|||false|Admin|2023-08-01 12:00:20.680||2023-08-02 01:00:03.120|true|Serui Kota, Yapen Sel., Kabupaten Kepulauan Yapen, Papua 98215||GORONTALO|"841"|||PELNI|Y|Y|NOT_KNOWN|-||||"0.50442"|"123.06"||||"081230445865"|M. BEST DONGORAN, S.AP.|NOT_KNOWN|GTO|Gorontalo|GORONTALO||8|NOT_KNOWN||"15 m"|"119 m"
c672024c-821d-4c32-b162-612017b50b4c|||false|Admin|2023-08-01 12:00:20.683||2023-08-02 01:00:03.122|true|""||GRESIK|"590"|||PELNI|N|Y|NOT_KNOWN|||||None|None||||""||NOT_KNOWN|BWN|Bawean|JAWA TIMUR||7|NOT_KNOWN|||
b166ff1e-a3f6-4899-a4f4-27f7ad076b6a|||false|Admin|2023-08-01 12:00:20.689||2023-08-02 01:00:03.125|true|Jl. Siliwangi no 24 Manokwari||MANOKWARI|"972"|1.00|830.00|PELNI|Y|Y|NOT_KNOWN|Pipa di dermaga||1.10|1.50|-0.86889|"134.073"||||"082189494117"|DJUNAEDI IDRUS|NOT_KNOWN|MKW|Manokwari|PAPUA BARAT|50.00|9|NOT_KNOWN||"9 - 10 meter"|"330 meter"
"7fce1b97-29ae-42e7-ac8f-4523753e527b"|||false|Admin|2023-08-01 12:00:20.692||2023-08-02 01:00:03.127|true|Pulau Sumba, Nusa Tenggara Tim., Kabupaten Sumba Timur, Nusa Tenggara Tim.||SUMBA TIMUR|"685"|350.00|350.00|PELNI|Y|Y|AVAILABLE|Pipa||3.00|3.00|-9.63848|"120.251"||||"0387-61665"|-|NOT_AVAILABLE|WGP|Waingapu|NUSA TENGGARA TIMUR||8|NOT_AVAILABLE||"14 m "|"150 m"
"0467b2dd-8e24-4a3d-877f-0aa08e25ce95"|||false|Admin|2023-08-01 12:00:20.695||2023-08-02 01:00:03.129|true|Jln. Yos Sudarso No.9. Tarakan Timur Kalimantan Utara 77125|||"808"|21.00|1.00|PELNI|Y|Y|AVAILABLE|Mobil Tangki ||4.00|6.00|"117.59746"|"3.3301706"||||"082185252201"|WHENDY RICHARD IMKOTTA|AVAILABLE|MLD|Tarakan|KALIMANTAN TIMUR|15.00|8|AVAILABLE||"6,5 - 12 meter"|"380 meter"
"5463607b-dcab-4475-be30-e3a91d051e95"|||false|Admin|2023-08-01 12:00:20.697||2023-08-02 01:00:03.130|true|""||SABU RAIJUA|"697"|||PELNI|Y|Y|NOT_KNOWN|||||None|None||||""||NOT_KNOWN|ISA|Seba, Sabu|NUSA TENGGARA TIMUR||8|NOT_KNOWN|||
"82b1c923-ec01-4b86-b583-150f729fcda7"|||false|Admin|2023-08-01 12:00:20.699||2023-08-02 01:00:03.132|true|Banda Sea, Morowali Utara, Sulawesi Tengah 94971||MOROWALI|"867"|||PELNI|N|Y|NOT_KNOWN|-||||-1.69|"121.893"||||"081232349076"|DUTA KUSUMA PUTRA|NOT_KNOWN|KAN|Kolonedale|SULAWESI TENGAH||8|NOT_KNOWN||"7 m"|"150 m"
cc0756e0-437b-4403-b4c9-14d4bc895620|||false|Admin|2023-08-01 12:00:20.702||2023-08-02 01:00:03.133|true|Jl.Yos Sudarso No.399 Kel.Sidoarjo Kec.Baolan Kab.Toli-Toli||TOLI-TOLI|"861"|212.98|5962.00|PELNI|Y|Y|NOT_KNOWN|Selang Dermaga||1.50|3.00|"120.85339"|"1.2488221"||||"08129434045"|HERI SETIABUDI, S.SOS|NOT_KNOWN|TLI|Toli-toli|SULAWESI TENGAH|50.00|8|NOT_KNOWN||"15 meter"|Dermaga 1 80,40 meter, Dermaga II 50 meter, Dermaga III 37 meter
"713c2da6-4421-47e5-adc1-54b321641969"|||false|Admin|2023-08-01 12:00:20.705||2023-08-02 01:00:03.135|true|Papua Bar. 98362, Wasior I, Wasior, Kabupaten Teluk Wondama, Papua Bar. 98362||TELUK WONDAMA|"981"|||PELNI|Y|Y|NOT_KNOWN|||||-2.72787|"134.503"||||""||NOT_KNOWN|WSR|Wasior|PAPUA BARAT||9|NOT_KNOWN|||
"9c1e061d-9b9f-404d-a4cc-c98db3337a64"|||false|Admin|2023-08-01 12:00:20.707||2023-08-02 01:00:03.136|true|Jl.Dermaga Pelabuhan Namlea Kabupaten Buru Maluku 97571||BURU|"951"|||PELNI|N|Y|NOT_KNOWN|||||-3.27|"127.09"||||""||NOT_KNOWN|NAM|Namlea|MALUKU||9|NOT_KNOWN|||
ddac0441-65ff-4960-b993-87c73ebc2d85|||false|Admin|2023-08-01 12:00:20.710||2023-08-02 01:00:03.137|true|Jl. Hamidah No. 67, Pangkalpinang 10130||BANGKA|"322"|16.75|200.00|PELNI|Y|Y|AVAILABLE|Pipa dernaga||4.90|6.50|-1.62999|"105.733"||||"081299888162"|Sila Selvina|NOT_KNOWN|BLU|Belinyu|KEPULAUAN BANGKA BELITUNG|20.00|7|NOT_AVAILABLE|| Samudra 7 meter|Samudra – 101 m
"3d5dc79e-61ff-4837-a180-d4f58ec35320"|||false|Admin|2023-08-01 12:00:20.712||2023-08-02 01:00:03.139|true|Lompio, Banggai Laut||BANGGAI KEPULAUAN|"908"|||PELNI|N|Y|NOT_KNOWN|Truck Tangki||2.00|4.00|-1.58885|"123.495"||||"081232349076"|DUTA KUSUMA PUTRA|NOT_KNOWN|BGG|Banggai|SULAWESI TENGAH|5.00|8|NOT_KNOWN||"8 - 13 meter"|"300 meter"
b456ed3f-543d-416e-98a2-e835bf4f4bec|||false|Admin|2023-08-01 12:00:20.715||2023-08-02 01:00:03.140|true|||MINAHASA SELATAN|"920"|||PELNI|N|Y|NOT_KNOWN||||||||||||NOT_KNOWN|AUG|Amurang|SULAWESI UTARA||8|NOT_KNOWN|||
"4a1be77c-4d5b-4c03-9186-c49c9049424d"|||false|Admin|2023-08-01 12:00:20.717||2023-08-02 01:00:03.142|true|Babang, Bacan Tim., Kabupaten Halmahera Selatan, Maluku Utara||HALMAHERA SELATAN|"925"|||PELNI|N|Y|NOT_KNOWN|-||||None|None||||"082194361760"|DJASMAN|NOT_KNOWN|BBG|Babang|MALUKU UTARA||9|NOT_KNOWN||"6 - 8 m"|"150 m"
"55596cb8-7e4e-4b06-b557-bee57775e70a"|||false|Admin|2023-08-01 12:00:20.719||2023-08-02 01:00:03.143|true|Jl. Yos Sudarso, Wale, Wolio, Kota Bau-Bau, Sulawesi Tenggara 93717||BAU-BAU|"921"|3.00|3.00|PELNI|N|Y|NOT_KNOWN|Pipa Dermaga||0.50|3.00|-5.45506|"122.61"||||"081280902089"|JUNI SAMSUDIN|NOT_KNOWN|BBM|Bau-Bau/Murhum|SULAWESI TENGGARA|90.00|8|NOT_KNOWN||"12 meter"|DERMAGA 1: 150 METER DERMAGA 2: 224 METER
fa422e2a-605a-4ca7-954b-8e2b08db4bff|||false|Admin|2023-08-01 12:00:20.721||2023-08-02 01:00:03.145|true|Jl. Lasiming No.44 Parepare||PARE-PARE|"892"|3.00|350.00|PELNI|N|Y|NOT_KNOWN|Pipa Dermaga||1.00|3.00|"119.621796"|-4.00225||||"081347056665"|HERMAN HAMID|AVAILABLE|ARE|Pare-Pare|SULAWESI SELATAN|70.00|8|AVAILABLE||"9 meter"|Dermaga Nusantara 280 meter
"3c42cdbb-1dd7-4214-99d3-ffabc2c2a93d"|||false|Admin|2023-08-01 12:00:20.723||2023-08-02 01:00:03.146|true|Jl. Koti, Numbai, Jayapura Sel., Kota Jayapura, Papua 99351||JAYAPURA|"974"|2607.00|500.00|PELNI|Y|Y|AVAILABLE|Pipa Dermaga||0.50|1.50|-2.54|"140.71365"||||"081331762929"|HARIANTO SEMBIRING,SE.|AVAILABLE|DJJ|Jayapura|PAPUA|20.00|9|NOT_AVAILABLE||"8 meter"|"270 meter"
"13ae6ff9-3a38-42f4-bf51-ac03c0492d30"|||false|Admin|2023-08-01 12:00:20.725||2023-08-02 01:00:03.148|true|Jl. Harmin Mursalim SHI, Soahuku, Kec. Amahai, Kabupaten Maluku Tengah, Maluku||MALUKU TENGAH|"952"|||PELNI|Y|Y|NOT_KNOWN|||||-3.328629|"128.91756"||||""||NOT_KNOWN|AHI|Amahai|MALUKU||9|NOT_KNOWN|||
d9545117-0c0d-4757-a620-f92c2885f997|||false|Admin|2023-08-01 12:00:20.727||2023-08-02 01:00:03.149|true|Jl. Sudirman No. 16, Pangkalan Bun/Kumai||KOTAWARINGIN BARAT|"747"|16.00|150.00|PELNI|N|Y|NOT_KNOWN|Pipa Dermaga||1.50|3.00|"111.915886"|-2.6103978||||"085219040405"|ANTONIUS LBN GAOL|AVAILABLE|KUM|Kumai|KALIMANTAN TENGAH|20.00|7|NOT_KNOWN||Max. 6 meter|"100 meter (Cargo)"
"0c87bc40-0218-4bc1-bbd8-3dfff430a3d9"|||false|Admin|2023-08-01 12:00:20.729||2023-08-02 01:00:03.151|true|Karatung, Nanusa, Kabupaten Kepulauan Talaud, Sulawesi Utara||KEPULAUAN TALAUD|"845"|||PELNI|Y|Y|NOT_KNOWN|||||"4.72422"|"127.088"||||""||NOT_KNOWN|KTN|Karatung|SULAWESI UTARA||8|NOT_KNOWN|||
"979da725-6d99-47af-9e0d-f1650ff74414"|||false|Admin|2023-08-01 12:00:20.732||2023-08-02 01:00:03.152|true|Jalan Yos Sudarso No. 337, Pidada, Panjang, Panjang Utara, Kec. Panjang, Kota Bandar Lampung, Lampung 35241||BANDAR LAMPUNG|"395"|||PELNI|Y|Y|NOT_KNOWN|||||None|None||||""||NOT_KNOWN|PNJ|Panjang|LAMPUNG||7|NOT_KNOWN|||
"48e4149c-db11-4979-af3b-c45ee6b94a51"|||false|Admin|2023-08-01 12:00:20.734||2023-08-02 01:00:03.153|true|Jl. Kartini No. 5, Mimika Baru, Timika - Papua||MIMIKA|"983"|11.00|200.00|PELNI|N|Y|NOT_KNOWN|Pakai Truck Tangki||1.00|7.00|-4.80314|"136.77"||||"081344783849"|EDWIN KURNIANSYAH|NOT_KNOWN|PMK|Pomako|PAPUA TENGAH|5.00|9|NOT_KNOWN||"12 meter"|"215 meter"
"0f64cb53-2e97-4fe3-87a0-7b2e77903410"|||false|Admin|2023-08-01 12:00:20.738||2023-08-02 01:00:03.157|true|jl. Pelabuhan No. 1, Tanjung Pandan, Bangka Belitung, 33411||BELITUNG|"336"|0.00|0.00|PELNI|N|Y|NOT_KNOWN|"0"||0.00|0.00|-2.76283|"107.621"||||"081399137010"|INDRIA PRIJATNA|AVAILABLE|TJQ|Tanjung Pandan|KEPULAUAN BANGKA BELITUNG|0.00|7|NOT_KNOWN||-5 s/d -14 m.LWS|"19.850 m (19,85 km)"
be786d38-6e83-4805-b8a7-60dde4fd2699|||false|Admin|2023-08-01 12:00:20.740||2023-08-02 01:00:03.158|true|||SUBANG|"464"|||PELNI|N|Y|NOT_KNOWN||||||||||||NOT_KNOWN|PTM|Patimban|JAWA BARAT||7|NOT_KNOWN|||
b2674a83-0456-4666-893d-7c7522f9232b|||false|Admin|2023-08-01 12:00:20.743||2023-08-02 01:00:03.160|true|Jl. Raya Pelabuhan  No. 9||JAKARTA UTARA|"431"|||PELNI|Y|Y|AVAILABLE|Tersedia||||None|None||||"081399137010"|INDRIA PRIJATNA|AVAILABLE|TPR|Tanjung Priok|DKI JAKARTA||7|AVAILABLE||-5 - (-14) m lws|"16.853 km"
e3d9fa2b-3490-4d3f-9408-281cebb8140b|||false|Admin|2023-08-01 12:00:20.746||2023-08-02 01:00:03.161|true|""||POSO|"840"|||PELNI|N|Y|NOT_KNOWN|||||-1.3818|"120.754"||||""||NOT_KNOWN|PSJ|Poso|SULAWESI TENGAH||8|NOT_KNOWN|||
bd5d57a7-3fec-4c5f-97b2-5d9c448625e0|||false|Admin|2023-08-01 12:00:20.748||2023-08-02 01:00:03.163|true| Jl. Tien Soharto, Nunukan Tim., Kec. Nunukan, Kabupaten Nunukan, Kalimantan Utara 77482|||"809"|2.50|205.00|PELNI|Y|Y|NOT_KNOWN|Pipa Dermaga & Mobil Tangki||4.00|7.00|"117.92812"|"4.255559"||||"081355799957"|ILHAMDA|AVAILABLE|TTK|Nunukan/Tunon Taka|KALIMANTAN TIMUR|15.00|8|NOT_AVAILABLE||"7 meter"|"250 meter"
"5a409201-c60e-4023-8500-55f6997b7a74"|||false|Admin|2023-08-01 12:00:20.750||2023-08-02 01:00:03.164|true|Jalan Pelabuhan Nomor 1, Karimunjawa, Jepara, Jawa Tengah 59455||JEPARA|"496"|||PELNI|N|Y|NOT_KNOWN|-||||-5.834275|"110.44144"||||"08161693341"|INDRA MAULANA|NOT_KNOWN|LKK|Legon Bajak, Karimun Jawa|JAWA TENGAH||7|NOT_KNOWN||"7 m"|"80 m"
"3f3e554e-0f50-43d2-bcd1-0a9d08ba8a25"|||false|Admin|2023-08-01 12:00:20.753||2023-08-02 01:00:03.166|true|Jl. Rahadi Usman No.1, Kendawangan Kiri, Kec. Kendawangan, Kabupaten Ketapang, Kalimantan Barat 78862||KETAPANG|"116"|0.00|0.00|PELNI|N|Y|AVAILABLE|"0"||0.00|0.00|-2.5323|"110.214"||||"0899988162"|Sila selvina|AVAILABLE|KDW|Kendawangan|KALIMANTAN BARAT|0.00|7|AVAILABLE||"0"|"0"
a9dcc099-2fd6-483c-adef-04e59d230dff|||false|Admin|2023-08-01 12:00:20.755||2023-08-02 01:00:03.167|true|Jl. Sultan Abdurrahman No.12, Pontianak 78116, Kalimantan Barat||PONTIANAK|"714"|16.80|80.00|PELNI|Y|Y|NOT_KNOWN|Pipa Dermaga||0.50|1.50|-0.01988|"109.333"||||"085240454186"|IBRAHIM|AVAILABLE|PNK|Pontianak|KALIMANTAN BARAT|40.00|7|AVAILABLE||"7 meter"|"812 meter"
"3e8f594a-bf5a-43ff-aeb5-2bdcc285d0dd"|||false|Admin|2023-08-01 12:00:20.758||2023-08-02 01:00:03.169|true|JL.Ahmad Yani No.70 Sampit Kalimantan Tengah ||KOTAWARINGIN TIMUR|"746"|42.00|50.00|PELNI|N|Y|NOT_KNOWN|VIA PIPA DAN MOBIL TANKI||55.00|2.40|"113.01363"|-2.319677||||"082250067373"|MUHAMAD JABIR, S.SOS|NOT_KNOWN|SMQ|Sampit|KALIMANTAN TENGAH||7|NOT_KNOWN||"5 meter"|"316 METER"
a5e44d1c-a5e0-44de-831f-69aeb13500f7|||false|Admin|2023-08-01 12:00:20.760||2023-08-02 01:00:03.171|true|Jl. Pelabuhan Samudera No. 125, Batulicin, Kotabaru 72211||TANAH BUMBU|"773"|3.00|1.00|PELNI|Y|Y|NOT_KNOWN|Pipa Dermaga PT. Pelindo||4.00|8.00|-3.43229|"116.009"||||"081381263271"|SUDJITO|NOT_KNOWN|SUR|Samudera, Batulicin|KALIMANTAN SELATAN|40.00|8|NOT_KNOWN||"12 meter"|"170 meter"
"5aec424d-b383-4ed5-9dc4-cb14e75ade0a"|||false|Admin|2023-08-01 12:00:20.762||2023-08-02 01:00:03.173|true|Jl. Industri No. 1, Ampenan, Mataram 83114, Nusa Tenggara Barat||LOMBOK BARAT|"651"|3.00|75150.00|PELNI|N|Y|NOT_KNOWN|Pipa Dermaga/Mobil Tangki||2.00|4.00|"116.077774"|-8.728721||||"085338062870"|I.B.A PUTRA KENCANA|AVAILABLE|LMR|Lembar|NUSA TENGGARA BARAT|30.00|8|NOT_AVAILABLE||Nusantara I = 7 meter; Nusantara II = 6 meter; Lokal = 4 meter|Nusantara I = 162,5 meter; Nusantara II = 100 meter; Lokal = 150 meter
"395f3f65-4df6-4716-af13-2d5f0e02bdd7"|||false|Admin|2023-08-01 12:00:20.764||2023-08-02 01:00:03.175|true|""||ROTENDAO|"696"|||PELNI|N|Y|NOT_KNOWN|||||-10.605|"123.232"||||""||NOT_KNOWN|BRO|Baa, Rote|NUSA TENGGARA TIMUR||8|NOT_KNOWN|||
"4da0c5b5-7d67-4f73-bf2d-bf74c67655d9"|||false|Admin|2023-08-01 12:00:20.766||2023-08-02 01:00:03.177|true|JL.Kathedral No. 2 Ende||ENDE|"684"|1.00|1.00|PELNI|Y|Y|NOT_AVAILABLE|Tidak Tersedia||1012.00|78.00|-8.845323|"121.64289"||||"081248094889"|FIRMAN KURNIAWAN SUSANTO|NOT_AVAILABLE|ENE|Ende|NUSA TENGGARA TIMUR||8|NOT_AVAILABLE||"15 - 20 meter"|"180 meter"
"9b6f2f2e-69aa-47e7-b1b4-0426b88406d2"|||false|Admin|2023-08-01 12:00:20.769||2023-08-02 01:00:03.179|true|Jl. Basuki Rahmat No. 60, Larantuka - Flores, Nusa Tenggara Timur||FLORES TIMUR|"687"|17.00|0.50|PELNI|Y|Y|NOT_KNOWN|Tidak ada||2.50|5.00|-8.341486|"122.987854"||||"08197808026"|DAMLI|NOT_AVAILABLE|LKA|Larantuka|NUSA TENGGARA TIMUR||8|NOT_AVAILABLE||"7 - 8 meter"|"200 meter"
"2dccb6d0-1b99-4e5a-a551-0db66b8c34d1"|||false|Admin|2023-08-01 12:00:20.771||2023-08-02 01:00:03.181|true| Lewoleba Utara, Nubatukan, Kabupaten Lembata, Nusa Tenggara Tim.||LEMBATA|"688"|0.00|0.00|PELNI|Y|Y|NOT_KNOWN|"0"||15.00|7.00|-8.3702|"123.405"||||+6281226628945|PANJI YUNIARSYAH|NOT_KNOWN|LWE|Lewoleba|NUSA TENGGARA TIMUR|0.00|8|NOT_KNOWN||"15 meter"|"166 meter"
"8152f25a-afda-482c-ac7d-6055dcf67a5f"|||false|Admin|2023-08-01 12:00:20.773||2023-08-02 01:00:03.183|true|""||TOJO UNA-UNA|"839"|||PELNI|N|Y|NOT_KNOWN|||||None|None||||""||NOT_KNOWN|WAK|Wakai, Togian|SULAWESI TENGAH||8|NOT_KNOWN|||
fae05bc9-d823-45fe-8307-0dc9c6484af3|||false|Admin|2023-08-01 12:00:20.776||2023-08-02 01:00:03.185|true|Jl. Kompleks Pelabuhan Raha||MUNA|"924"|3.00|3.00|PELNI|N|Y|NOT_KNOWN|Mobil Tangki ||1.00|4.00|-4.837368|"122.73694"||||"081280902089"|JUNI SAMSUDIN|NOT_KNOWN|RAQ|Raha|SULAWESI TENGGARA|10000.00|8|NOT_KNOWN||"150 mtr"|"150 mtr"
"6a52fe82-7596-4930-9105-ad1d85049992"|||false|Admin|2023-08-01 12:00:20.778||2023-08-02 01:00:03.187|true|||KEPULAUAN SANGIHE|"829"|||PELNI|N|Y|NOT_KNOWN||||||||||||NOT_KNOWN|KKG|Kahakitang|SULAWESI UTARA||8|NOT_KNOWN|||
cc51f2f5-ed25-4e39-99ad-b107b987f853|||false|Admin|2023-08-01 12:00:20.780||2023-08-02 01:00:03.189|true|""||KEPULAUAN TALAUD|"846"|||PELNI|Y|Y|NOT_KNOWN|||||"5.54868"|"126.582"||||""||NOT_KNOWN|MGS|Miangas|SULAWESI UTARA||8|NOT_KNOWN|||
f97f8a91-f3cf-47fe-8b4e-262b9db3307b|||false|Admin|2023-08-01 12:00:20.782||2023-08-02 01:00:03.191|true|Mahena, Tahuna, Kabupaten Kepulauan Sangihe, Sulawesi Utara||KEPULAUAN SANGIHE|"836"|||PELNI|Y|Y|NOT_KNOWN|||||"3.6025"|"125.499"||||""||NOT_KNOWN|THA|Tahuna|SULAWESI UTARA||8|NOT_KNOWN|||
ec8ec4a4-710f-410f-b2ad-7802b6bf0a39|||false|Admin|2023-08-01 12:00:20.785||2023-08-02 01:00:03.193|true|Lirung Satu, Lirung, Kabupaten Kepulauan Talaud, Sulawesi Utara||KEPULAUAN TALAUD|"844"|||PELNI|Y|Y|NOT_KNOWN|||||"3.94"|"126.7"||||""||NOT_KNOWN|LRG|Lirung|SULAWESI UTARA||8|NOT_KNOWN|||
"2dfddcde-0aba-441f-8663-18dfb2297e83"|||false|Admin|2023-08-01 12:00:20.787||2023-08-02 01:00:03.195|true|Nomaha, Pp. Terselatan, Kabupaten Maluku Barat Daya, Maluku||MALUKU BARAT DAYA|"956"|||PELNI|Y|Y|NOT_KNOWN|||||None|None||||""||NOT_KNOWN|KXR|Kisar|MALUKU||9|NOT_KNOWN|||
"8ec21fb4-62a2-4587-8d66-353ea745bfe5"|||false|Admin|2023-08-01 12:00:20.790||2023-08-02 01:00:03.197|true|""||MALUKU TENGGARA BARAT|"957"|||PELNI|Y|Y|NOT_KNOWN|||||-7.15305|"131.714"||||""||NOT_KNOWN|LRT|Larat|MALUKU||9|NOT_KNOWN|||
cf23d85b-0c33-4894-856d-362e2a1c52c4|||false|Admin|2023-08-01 12:00:20.792||2023-08-02 01:00:03.199|true|""||KEPULAUAN ARU|"944"|||PELNI|Y|Y|NOT_KNOWN|||||-5.75495|"134.236"||||""||NOT_KNOWN|DOB|Dobo|MALUKU||9|NOT_KNOWN|||
"30eaba7f-6681-477a-a1d3-ee1ba1621519"|||false|Admin|2023-08-01 12:00:20.795||2023-08-02 01:00:03.201|true|""||SERAM BAGIAN TIMUR|"955"|||PELNI|Y|Y|NOT_KNOWN|||||-3.878|"130.9"||||""||NOT_KNOWN|GER|Geser|MALUKU||9|NOT_KNOWN|||
"2a26ded5-07a9-4d74-bab3-343483d0f22b"|||false|Admin|2023-08-01 12:00:20.797||2023-08-02 01:00:03.203|true|""||BURU SELATAN|"929"|||PELNI|Y|Y|NOT_KNOWN|||||None|None||||""||NOT_KNOWN|NRE|Namrole|MALUKU||9|NOT_KNOWN|||
"05aa9d6c-6999-4f7a-b4d6-7dddca9db337"|||false|Admin|2023-08-01 12:00:20.799||2023-08-02 01:00:03.205|true|Jl. Jend. Sudirman No. 37, Biak 98115||BIAK NUMFOR|"973"|3219.00|350.00|PELNI|Y|Y|AVAILABLE|Pipa Dermaga||1.50|4.00|-1.18419|"136.077"||||"08129921434"|BUDI WIBOWO|NOT_KNOWN|BIK|Biak|PAPUA|50.00|9|NOT_KNOWN||"7 meter"|"200 meter"
ff9be82b-1fa7-4996-8f5e-c43a70e2ba3c|||false|Admin|2023-08-01 12:00:20.801||2023-08-02 01:00:03.207|true|Jl. Izak Telussa No. 5, Fak-Fak 98611||FAKFAK|"976"|1.50|1.00|PELNI|Y|Y|AVAILABLE|Selang||2.50|5.00|-2.93258|"132.31"||||"081320031119"|Berryl Insanul Firdaus|AVAILABLE|FKQ|Fak-fak|PAPUA BARAT|35.00|9|NOT_AVAILABLE||"15 - 30 meters"|"200 meter"
"227d5884-a767-4113-b500-999caf5d7c02"|||false|Admin|2023-08-01 12:00:20.803||2023-08-02 01:00:03.209|true|Jl. Pelabuhan No. 04, Kaimana - Papua Barat||KAIMANA|"977"|237.00|5.00|PELNI|Y|Y|AVAILABLE|Pipa Dermaga||5.00|7.00|-3.66178|"133.761"||||"082348666827"|SURAHMAN|NOT_AVAILABLE|KNG|Kaimana|PAPUA BARAT|6.00|9|NOT_AVAILABLE||Dermaga Selatan = 7 meter; Dermaga Utara = 8 meter|"120 meter"
"8a2f3ea5-ffc5-475b-a8e0-a22ab001d20f"|||false|Admin|2023-08-01 12:00:20.806||2023-08-02 01:00:03.211|true|Selat Makassar, banggae, majene, sulawesi barat, Kabupaten Majene, Sulawesi Barat||KEPULAUAN YAPEN|"975"|||PELNI|Y|Y|NOT_KNOWN|||||-1.88621|"136.245"||||""||NOT_KNOWN|ZRI|Serui|PAPUA||9|NOT_KNOWN|||
"6c52555f-7600-41ee-8a2a-9927a743c8b5"|||false|Admin|2023-08-01 12:00:20.808||2023-08-02 01:00:03.213|true|""||PADANG|"191"|||PELNI|Y|Y|NOT_KNOWN|-||||-0.965725|"100.353"||||"081399137010"|INDRIA PRIJATNA|NOT_KNOWN|TBY|Teluk Bayur|SUMATERA BARAT||7|NOT_KNOWN||-|-
f91b8acf-75a8-41c4-bf45-59a2395715d8|||false|Admin|2023-08-01 12:00:20.811||2023-08-02 01:00:03.215|true|""||KOTABARU|"996"|||PELNI|Y|Y|NOT_KNOWN|||||None|None||||""||NOT_KNOWN|KTB|Kotabaru|KALIMANTAN SELATAN||8|NOT_KNOWN|||
"80a4b48e-2bbb-42f8-b0f5-aed166f81eb3"|||false|Admin|2023-08-01 12:00:20.813||2023-08-02 01:00:03.218|true|Jl. Kesatria No. 2, Bima 84116, Nusa Tenggara Barat||BIMA|"655"|12000.00|800.00|PELNI|Y|Y|NOT_KNOWN|Pipa dermaga||5.00|8.00|-8.444626|"118.71112"||||"08128000397"|PUJI ASMORO|NOT_KNOWN|BMU|Bima|NUSA TENGGARA BARAT||8|NOT_KNOWN||"7 - 8 meter"|"142 meter"
bb5c997e-f3ac-4b41-92d1-23458aa5c1f1|||false|Admin|2023-08-01 12:00:20.815||2023-08-02 01:00:03.220|true|Jl. Lakidende No. 10, Kendari, Sulawesi Tenggara.||KENDARI|"922"|15.00|170.00|PELNI|Y|Y|AVAILABLE|Mobil Tangki||1.00|2.00|-2.53739|"121.974"||||"081281152495"|AGUSTINUS P. WICAKSONO|AVAILABLE|KDI|Kendari|SULAWESI TENGGARA|5.00|8|AVAILABLE||"9 meter"|"200 meter"
c04466cf-3aa8-41a0-8394-552373a24b41|||false|Admin|2023-08-01 12:00:20.818||2023-08-02 01:00:03.222|true|Jl. Coaster No. 10 Pel. Tg. Emas Semarang||SEMARANG|"494"|1.73|100.00|PELNI|Y|Y|AVAILABLE|Pipa Dermaga||0.30|1.00|-175.8223|"30.790016"||||"08161693341"|INDRA MAULANA|AVAILABLE|SRG|Tanjung Emas|JAWA TENGAH|25.00|7|AVAILABLE||Samudra 9 meter; Coaster 7 meter|Dermaga Samudra 575 meter; Dermaga Coaster 490 meter
d7f680b0-bee8-411a-adc5-aa56eabf72db|||false|Admin|2023-08-01 12:00:20.820||2023-08-02 01:00:03.224|true|Jl. Jend. Ahmad Yani, Kompleks Pelabuhan Sorong||SORONG|"971"|2.50|9.00|PELNI|Y|Y|NOT_KNOWN|Pipa Dermaga, Tongkang, dan Mobil Tangki||1.00|2.00|-0.8822873|"131.25055"||||"081247350324"|M. LUTFI ISRAR SUTAN|NOT_KNOWN|SOQ|Sorong|PAPUA BARAT|30.00|9|NOT_KNOWN||"7 meter"|"440 meter"
"00739854-654f-469c-b5af-31680f7ae36e"|||false|Admin|2023-08-01 12:00:20.823||2023-08-02 01:00:03.227|true|""||MANGGARAI BARAT|"662"|||PELNI|N|Y|NOT_KNOWN|||||None|None||||""||NOT_KNOWN|LBO|Labuan Bajo|NUSA TENGGARA TIMUR||8|NOT_KNOWN|||
"51eb8d94-2e63-49d4-b6ca-34d95a97f4af"|||false|Admin|2023-08-01 12:00:20.825||2023-08-02 01:00:03.229|true|Banda Sea, Mola Utara, Wangi-Wangi Sel., Kabupaten Wakatobi, Sulawesi Tenggara 93795||WAKATOBI|"923"|3.00|1.00|PELNI|N|Y|NOT_KNOWN|Mobil Tangki||0.50|3.00|-5.3356404|"123.53382"||||"081280902089"|JUNI SAMSUDIN|NOT_KNOWN|WCI|Wanci|SULAWESI TENGGARA|10000.00|8|NOT_KNOWN||"6 meter"|"150 meter"
"2d3dbda7-b0fd-4d58-8376-c676816189f2"|||false|Admin|2023-08-01 12:00:20.828||2023-08-02 01:00:03.231|true|Kabuloang, Kalukku, Kabupaten Mamuju, Sulawesi Barat 91561||MINAHASA TENGGARA|"894"|||PELNI|N|Y|NOT_KNOWN|-||||None|None||||"081347056665"|HERMAN HAMID|NOT_KNOWN|BLG|Belang|SULAWESI UTARA||8|NOT_KNOWN||"12 m"|"102 m"
"556d8877-9f54-432a-a055-b373e287eeb8"|||false|Admin|2023-08-01 12:00:20.830||2023-08-02 01:00:03.233|true|""||BANGKA SELATAN|"338"|||PELNI|N|Y|NOT_KNOWN|-||||None|None||||"081399137010"|INDRIA PRIJATNA|NOT_KNOWN|SDI|Sadai|KEPULAUAN BANGKA BELITUNG||7|NOT_KNOWN||-1,0 m lws|"100 m"
a82ca9c3-9596-465c-910e-f4371d44c198|||false|Admin|2023-08-01 12:00:20.833||2023-08-02 01:00:03.235|true|JL.Kathedral No. 2 Ende||NAGEKO|"663"|1.00|1.00|PELNI|N|Y|AVAILABLE|Pakai Mobil Tangki||7.00|10.00|-8.84532|"121.643"||||"081248094889"|FIRMAN KURNIAWAN SUSANTO|NOT_KNOWN|MOT|Marapokot|NUSA TENGGARA TIMUR|5.00|8|NOT_KNOWN||"12 - 15 meter"|"157 meter"
af181acc-3b91-46f0-8f76-006dcd4b2d9f|||false|Admin|2023-08-01 12:00:20.835||2023-08-02 01:00:03.237|true|-||KARIMUN|"266"|||PELNI|N|Y|NOT_KNOWN|Pengisian lewat lori air||4.55|3.50|"0.5929"|"103.26223"||||"077723570"|AGUS HERIANTA|NOT_KNOWN|TJB|Tanjung Balai Karimun|KEPULAUAN RIAU||7|NOT_KNOWN||-8,5 lws|"60m x 7,5m"
"45e1d4b0-0bd1-4ebd-8057-d221bf6559d0"|||false|Admin|2023-08-01 12:00:20.838||2023-08-02 01:00:03.239|true|Wayabula, Morotai Sel. Bar., Kabupaten Pulau Morotai, Maluku Utara||PULAU MERANTI|"926"|||PELNI|N|Y|NOT_KNOWN|-||||None|None||||"082194361760"|DJASMAN|NOT_KNOWN|MRT|Meranti/Dorak|RIAU||7|NOT_KNOWN||"6 - 7 m"|"130 m"
"942372ec-6230-44e4-8edd-b2b5a5bd3e20"|||false|Admin|2023-08-01 12:00:20.840||2023-08-02 01:00:03.241|true|Talumolo, Dumbo Raya, Kota Gorontalo, Gorontalo 96133||KETAPANG|"715"|||PELNI|N|Y|NOT_KNOWN|||||None|None||||""||NOT_KNOWN|KTP|Sukabangun Ketapang|KALIMANTAN BARAT||7|NOT_KNOWN|||
f7299187-8612-4691-a2be-f9471192dc21|||false|Admin|2023-08-01 12:00:20.842||2023-08-02 01:00:03.243|true|""||KOTAWARINGIN BARAT|"324"|||PELNI|N|Y|NOT_KNOWN|||||None|None||||""||NOT_KNOWN|PLB|Pangkalan Bun|KALIMANTAN TENGAH||7|NOT_KNOWN|||
c25a055c-9301-48e7-9650-0ceed22a0ced|||false|Admin|2023-08-01 12:00:20.845||2023-08-02 01:00:03.246|true|Terempa Bar., Siantan, Kabupaten Kepulauan Anambas, Kepulauan Riau||KEPULAUAN ANAMBAS|"252"|500.00|200.00|PELNI|Y|Y|NOT_KNOWN|-||3.00|5.00|"3.27516"|"106.242"||||"081357768897"|SYAHRUL AKBAR|NOT_KNOWN|TMP|Tarempa|KEPULAUAN RIAU||7|NOT_KNOWN||-|"135 m"
"1d13d72b-741b-4272-86d4-d42f710113b3"|||false|Admin|2023-08-01 12:00:20.847||2023-08-02 01:00:03.248|true|""||KEPULAUAN ANAMBAS|"269"|700.00|300.00|PELNI|Y|Y|NOT_KNOWN|-||3.00|5.00|"2.99203"|"105.695"||||"081357768897"|SYAHRUL AKBAR|NOT_KNOWN|LTG|Letung|KEPULAUAN RIAU||7|NOT_KNOWN||-|"269 m"
ffe0f370-0b31-4d63-9e7f-10425a8dc93b|||false|Admin|2023-08-01 12:00:20.851||2023-08-02 01:00:03.249|true|Toweka, Galela, Kabupaten Halmahera Utara, Maluku Utara||NATUNA|"246"|500.00|400.00|PELNI|Y|Y|AVAILABLE|"0"||3.00|5.00|"2.989606"|"107.76395"||||"081357768897"|SYAHRUL AKBAR|AVAILABLE|MDA|Midai|KEPULAUAN RIAU|0.00|7|AVAILABLE||"0"|"130 m"
d4c6e479-485e-48f4-8f31-625934589b90|||false|Admin|2023-08-01 12:00:20.854||2023-08-02 01:00:03.251|true|""||NATUNA|"255"|1500.00|200.00|PELNI|Y|Y|NOT_KNOWN|-||3.00|5.00|"2.49"|"109.01"||||"081357768897"|SYAHRUL AKBAR|NOT_KNOWN|SRS|Serasan|KEPULAUAN RIAU||7|NOT_KNOWN||-|"105 m"
"4746d329-6f16-4e45-9cbc-7245ef40d5d6"|||false|Admin|2023-08-01 12:00:20.856||2023-08-02 01:00:03.253|true|""||NATUNA|"725"|1500.00|900.00|PELNI|N|Y|NOT_KNOWN|-||3.00|5.00|-5.65|"132.99"||||"081357768897"|SYAHRUL AKBAR|NOT_KNOWN|STA|Selat Lampa|KEPULAUAN RIAU||7|NOT_KNOWN||-|"90 m"
"55c79ac1-55fa-4726-b3f8-f3264fbb674d"|||false|Admin|2023-08-01 12:00:20.859||2023-08-02 01:00:03.254|true|Kota Uneng, Alok, Kabupaten Sikka, Nusa Tenggara Tim.||SIKA|"683"|||PELNI|Y|Y|NOT_KNOWN|||||-8.61983|"122.219"||||""||NOT_KNOWN|MOF|Maumere /Laurentius Say|NUSA TENGGARA TIMUR||8|NOT_KNOWN|||
"85c90424-c458-4045-8719-459d9074f3cf"|||false|Admin|2023-08-01 12:00:20.861||2023-08-02 01:00:03.256|true|Teluk Mutiara, Kabupaten Alor, Nusa Tenggara Timur||ALOR|"694"|||PELNI|Y|Y|NOT_KNOWN|||||-8.22369|"124.515"||||""||NOT_KNOWN|KBH|Kalabahi|NUSA TENGGARA TIMUR||8|NOT_KNOWN|||
"0b4c8502-405b-4950-9cdc-049b94c16047"|||false|Admin|2023-08-01 12:00:20.864||2023-08-02 01:00:03.258|true|||SUMBA BARAT DAYA|"673"|||PELNI|Y|Y|NOT_KNOWN||||||||||||NOT_KNOWN|WIO|Waikelo|NUSA TENGGARA TIMUR||8|NOT_KNOWN|||
"5e427eb6-c2bc-4257-bf39-aee0eadc1156"|||false|Admin|2023-08-01 12:00:20.866||2023-08-02 01:00:03.260|true|""||MALUKU BARAT DAYA|"959"|||PELNI|Y|Y|NOT_KNOWN|||||-8.10558|"127.817"||||""||NOT_KNOWN|KWU|Moa|MALUKU||9|NOT_KNOWN|||
ea569719-3919-41cc-a2ac-c2e3cb234930|||false|Admin|2023-08-01 12:00:20.868||2023-08-02 01:00:03.262|true|""||MALUKU BARAT DAYA|"958"|||PELNI|Y|Y|NOT_KNOWN|||||-7.86917|"129.592"||||""||NOT_KNOWN|TPA|Tepa|MALUKU||9|NOT_KNOWN|||
e5efe83c-6d0c-4b8c-8025-84ade2e12366|||false|Admin|2023-08-01 12:00:20.870||2023-08-02 01:00:03.264|true|Fagudu, Sanana, Kabupaten Kepulauan Sula, Maluku Utara||KEPULAUAN SULA|"928"|||PELNI|Y|Y|NOT_KNOWN|||||-2.05|"125.98"||||""||NOT_KNOWN|SQN|Sanana|MALUKU UTARA||9|NOT_KNOWN|||
c069f8c4-4a93-4021-9a75-c9aadb3b4a1c|||false|Admin|2023-08-01 12:00:20.873||2023-08-02 01:00:03.266|true|Jl.Said Djong Baadillah No.1 Banda Naira||MALUKU TENGAH|"947"|1.00|125375.00|PELNI|Y|Y|NOT_AVAILABLE|Tidak Tersedia||3.00|5.00|-4.5285697|"129.88885"||||-|Sila Selvina|NOT_AVAILABLE|NDA|Banda Naira|MALUKU||9|NOT_AVAILABLE||"14-15"|"90"
fffec38d-bd22-4058-bb40-00993fa56f62|||false|Admin|2023-08-01 12:00:20.876||2023-08-02 01:00:03.268|true|Olilit, Tanimbar Sel., Kabupaten Maluku Tenggara Barat, Maluku||MALUKU TENGGARA BARAT|"950"|||PELNI|Y|Y|NOT_KNOWN|||||-7.98306|"131.292"||||""||NOT_KNOWN|SXK|Saumlaki|MALUKU||9|NOT_KNOWN|||
f757a369-8a39-4910-a47f-68dad517d1fb|||false|Admin|2023-08-01 12:00:20.879||2023-08-02 01:00:03.269|true|Jl. Pelabuhan Baru No. 1 Agats Kab. Asmat Papua||ASMAT|"948"|0.00|0.00|PELNI|Y|Y|NOT_KNOWN|"0"||0.00|0.00|-5.522|"138.138"||||"0"|"0"|NOT_KNOWN|AGS|Agats|PAPUA SELATAN|0.00|9|NOT_KNOWN||"0"|"0"
"3bd1c07f-44b1-4fb8-becc-e6faa9882fb3"|||false|Admin|2023-08-01 12:00:20.882||2023-08-02 01:00:03.272|true|Jl. Sabang No. 318, Merauke 99613||MERAUKE|"979"|10.00|500.00|PELNI|Y|Y|AVAILABLE|Mobil Tangki||5.00|12.00|-8.47463|"140.389"||||"08114917878"|I KOMANG BUDI SWASTAWAN|AVAILABLE|MKQ|Merauke|PAPUA SELATAN|6.00|9|NOT_AVAILABLE||"4 - 7 meter"|"333 meter"
"09d8f97b-a99e-4644-9460-f8b7eb7f5afb"|||false|Admin|2023-08-01 12:00:20.884||2023-08-02 01:00:03.274|true|Jl. Frans Kaisiepo No. 14, Nabire||NABIRE|"982"|2.50|205.00|PELNI|Y|Y|NOT_KNOWN|Pipa Dermaga||4.00|7.00|"135.58824"|-3.2212207||||"081228068888"|SUYATNO, SE.|NOT_KNOWN|NBX|Nabire|PAPUA TENGAH|25.00|9|NOT_KNOWN||"7 meter"|"172 meter"
"1334ec95-cc8a-4464-a263-0b0beee559da"|||false|Admin|2023-08-01 12:00:20.887||2023-08-02 01:00:03.275|true|JL. Samudera N0.1 Tanjung pinang – Kepri ||TANJUNG PINANG|"251"|||PELNI|Y|Y|NOT_KNOWN|||||"0.86088"|"104.612"||||""||NOT_KNOWN|SKJ|Sei Kolak Kijang|KEPULAUAN RIAU||7|NOT_KNOWN|||
"19887a24-9011-425f-bc0c-5f5cd512ba5a"|||false|Admin|2023-08-01 12:00:20.890||2023-08-02 01:00:03.277|true|Jl. Tanjung Perak Timur No. 620||SURABAYA|"563"|0.00|0.00|PELNI|Y|Y|AVAILABLE|ada||0.00|0.00|-7.19812|"112.733"||||"08125840980"|RIDWAN MANDALIKO, SE|AVAILABLE|SUB|Tanjung Perak|JAWA TIMUR|0.00|7|AVAILABLE||"0"|"0"
"7d09ed71-36f8-40bf-996a-5a09bae5dc3d"|||false|Admin|2023-08-01 12:00:20.893||2023-08-02 01:00:03.279|true|Jl. Sam Ratulangi No. 7, Bitung 95511, Sulawesi Utara||BITUNG|"835"|9.00|800.00|PELNI|Y|Y|AVAILABLE|Pipa Dermaga/Tongkang/Mobil Tangki||1.20|1.80|"1.4436483"|"125.20453"||||"081230445865"|M. BEST DONGORAN, S.AP.|AVAILABLE|BIT|Bitung|SULAWESI UTARA|40.00|8|AVAILABLE||"6 - 10 meter"|Samudra 607 meter; Nusantara 652 meter
"265e3742-f63d-47a8-941f-11effec8a68a"|||false|Admin|2023-08-01 12:00:20.896||2023-08-02 01:00:03.281|true|""||HALMAHERA UTARA|"941"|||PELNI|Y|Y|NOT_KNOWN|-||||"1.72"|"128.01"||||"082194361760"|DJASMAN|NOT_KNOWN|TBO|Tobelo|MALUKU UTARA||9|NOT_KNOWN||"7-8 m"|"150 m"
"1b6b1e35-570c-4a43-bc1a-9f7715cc2f08"|||false|Admin|2023-08-01 12:00:20.899||2023-08-02 01:00:03.283|true|""||KAB. TUAL|"949"|10.00|5.00|PELNI|Y|Y|AVAILABLE|Mobil Tangki||2.00|3.00|-5.62852|"132.73883"||||"082399248081"|BAMBANG SIGIT P|NOT_KNOWN|TUA|Tual|MALUKU|20.00|9|NOT_KNOWN||"12 meter"|"302 meter"
"25bbc269-e619-47e4-ad47-7c90cb898da8"|||false|Admin|2023-08-01 12:00:20.902||2023-08-02 01:00:03.285|true|||BONTANG|"898"|||PELNI|N|Y|NOT_KNOWN||||||||||||NOT_KNOWN|LTU|Lhok Tuan|KALIMANTAN TIMUR||8|NOT_KNOWN|||
"5267592e-5d29-4fdf-8975-7ade3bd50b39"|||false|Admin|2023-08-01 12:00:20.905||2023-08-02 01:00:03.287|true|Jl. Kompleks Pelabuhan Pantoloan No. 23, Pantoloan 94352, Sulawesi Tengah||PALU|"863"|12.00|150.00|PELNI|Y|Y|NOT_KNOWN|Pipa Dermaga||1.00|2.00|"119.855865"|-0.71057415||||"081382949358"|DICKY DERMAWANDI|AVAILABLE|PTL|Pantoloan|SULAWESI TENGAH|60.00|8|AVAILABLE||"8 meter"|"280 meter"
"6a01e7c5-05e6-4ab7-a706-f0936f32a837"|||false|Admin|2023-08-01 12:00:20.908||2023-08-02 01:00:03.289|true|Jl. Nusantara No.378, Butung, Kec. Wajo, Kota Makassar, Sulawesi Selatan 90173||MAKASAR|"893"|||PELNI|Y|Y|AVAILABLE|Tersedia||||"5.0725"|"119.222"||||"081228409335"|AKHMAD SADIKIN|NOT_KNOWN|MAK|Makassar|SULAWESI SELATAN||8|NOT_KNOWN||"18 m lws"|-
"2328f72b-7c5e-4af1-8978-9601700c35c3"|||false|Admin|2023-08-01 12:00:20.911||2023-08-02 01:00:03.291|true|Jl. Yos Sudarso Ujung, Ombolata Ulu, Gn. Sitoli, Kota Gunungsitoli||GUNUNGSITOLI|"160"|||PELNI|Y|Y|NOT_KNOWN|-||||"1.29372"|"97.6122"||||"08122925037"|AGUS NUGROHO|NOT_KNOWN|GNS|Gunung Sitoli|SUMATERA UTARA||7|NOT_KNOWN||-|-
c2f757c2-442b-4fce-9a53-4292baf0f776|||false|Admin|2023-08-01 12:00:20.914||2023-08-02 01:00:03.292|true|Jl. Yos Sudarso No. 30, Prapatan, Balipapan Selatan||BALIKPAPAN|"803"|19312.00|150.00|PELNI|N|Y|NOT_KNOWN|Selang Dermaga||1.50|3.00|-1.26835|"116.809"||||"085230007575"|PURWADI|NOT_KNOWN|BPN|Semayang|KALIMANTAN TIMUR|30.00|8|NOT_KNOWN||"7 - 9 meter"|"480 meter"
"268f0392-8e92-4f27-9a11-5c2703cf62df"|||false|Admin|2023-08-01 12:00:20.917||2023-08-02 01:00:03.294|true|Jl. Raya Kuta No. 299, Tuban - Denpasar, Bali||DENPASAR|"613"|480.00|150250.00|PELNI|N|Y|AVAILABLE|Selang Dermaga||1.00|3.00|-8.74296|"115.212"||||"085338062870"|I.B.A PUTRA KENCANA|NOT_KNOWN|BOA|Benoa|BALI|40.00|8|NOT_KNOWN||Dermaga Timur = 9 meter; Dermaga Selatan = 9 meter; Dermaga Barat = 3,5 meter|Dermaga Timur = 340 meter; Dermaga Barat = 150 meter; Dermaga Selatan = 205 meter
"37463b21-4d37-4327-839a-56985cdc8aa0"|||false|Admin|2023-08-01 12:00:20.920||2023-08-02 01:00:03.296|true|Jl. Gunung Krakatau No. 17A, Medan - Kesawan||MEDAN|"144"|13000.00|120.00|PELNI|Y|Y|NOT_KNOWN|Pipa Dermaga/Tongkang||1.00|4.00|"3.77864"|"98.6992"||||"08122925037"|AGUS NUGROHO|NOT_KNOWN|BLW|Belawan|SUMATERA UTARA|40.00|7|NOT_KNOWN||"8 meter"|"688 meter (Dermaga 01 - 08)"
"123da461-dbcb-4de3-9a2a-3575379a4d14"|||false|Admin|2023-08-01 12:00:20.923||2023-08-02 01:00:03.298|true|Pancuran Bambu, Sibolga Sambas, Kota Sibolga,||SIBOLGA|"159"|4.00|150300.00|PELNI|N|Y|AVAILABLE|Tersedia||1.00|2.00|"1.734"|"98.7771"||||"08122925037"|AGUS NUGROHO|AVAILABLE|SLG|Sibolga|SUMATERA UTARA||7|AVAILABLE||"6 m lws"|"153 m"
"72346087-6a6a-462b-a434-913d6f2e5ca9"|||false|Admin|2023-08-01 12:00:20.927||2023-08-02 01:00:03.300|true| Kota Baru, Ternate Tengah, Kota Ternate, Maluku Utara||TERNATE|"942"|8.00|1000.00|PELNI|Y|Y|NOT_KNOWN|-||2.00|0.90|"0.78055"|"127.389"||||"082194361760"|DJASMAN|NOT_KNOWN|TEI|Ternate|MALUKU UTARA||9|NOT_KNOWN||-|-
